[
  {
    "titulo": "JSON x XML a volta",
    "resumo": "o duelo de dois modelos de representação de informações",
    "ano": 1960,
    "genero": [
      "aventura"
      
    ]
  },
  {
    "titulo": "JSON James nada mais",
    "resumo": "a história de uma lenda do velho oeste",
    "ano": 2012,
    "genero": [
      "western"
    ]
  },{
    "titulo": "JSON x XML yeah",
    "resumo": "o duelo de dois modelos de representação de informações",
    "ano": 2010,
    "genero": [
      "aventura"
         ]
  },
  {
    "titulo": "JSON James",
    "resumo": "a historia de uma lenda do velho oeste",
    "ano": 2000,
    "genero": [
      "western"
    ]
  }
]